Compartment,Antimicrobial,Amount,Units,Geolocation,Country,Year,Source
Tissue,Oxytetracycline,231±0.08,ppb,Hamadan Province, Iran,2016,1
Tissue,Oxytetracycline,224±0.07,ppb,Hamadan Province, Iran,2016,1
Tissue,Oxytetracycline,256±0.05,ppb,Hamadan Province, Iran,2016,1
Tissue,Oxytetracycline,212±0.034,ppb,Hamadan Province, Iran,2016,1
Tissue,Oxytetracycline,234±0.075,ppb,Hamadan Province, Iran,2016,1
Tissue,Oxytetracycline,226±0.032,ppb,Hamadan Province, Iran,2016,1
Tissue,Oxytetracycline,196±0.065,ppb,Hamadan Province, Iran,2016,1
Tissue,Oxytetracycline,183±0.021,ppb,Hamadan Province, Iran,2016,1
Tissue,Oxytetracycline,192±0.031,ppb,Hamadan Province, Iran,2016,1
Tissue,Oxytetracycline,175±0.021,ppb,Hamadan Province, Iran,2016,1
Tissue,Oxytetracycline,189±0.010,ppb,Hamadan Province, Iran,2016,1
Tissue,Oxytetracycline,194±0.031,ppb,Hamadan Province, Iran,2016,1
Tissue,Oxytetracycline,265±0.015,ppb,Hamadan Province, Iran,2016,1
Tissue,Oxytetracycline,247±0.021,ppb,Hamadan Province, Iran,2016,1
Tissue,Oxytetracycline,258±0.011,ppb,Hamadan Province, Iran,2016,1
Tissue,Oxytetracycline,231±0.09,ppb,Hamadan Province, Iran,2016,1
Tissue,Oxytetracycline,227±0.066,ppb,Hamadan Province, Iran,2016,1
Tissue,Oxytetracycline,218±0.050,ppb,Hamadan Province, Iran,2016,1
Tissue,Oxytetracycline,241±0.044,ppb,Hamadan Province, Iran,2016,1
Tissue,Oxytetracycline,235±0.005,ppb,Hamadan Province, Iran,2016,1
Tissue,Oxytetracycline,224±0.002,ppb,Hamadan Province, Iran,2016,1
Tissue,Oxytetracycline,267±0.016,ppb,Hamadan Province, Iran,2016,1
Tissue,Oxytetracycline,252±0.014,ppb,Hamadan Province, Iran,2016,1
Tissue,Oxytetracycline,249±0.002,ppb,Hamadan Province, Iran,2016,1
Tissue,Oxytetracycline,232±0.012,ppb,Hamadan Province, Iran,2016,1
Tissue,Oxytetracycline,241±0.022,ppb,Hamadan Province, Iran,2016,1
Tissue,Oxytetracycline,223±0.001,ppb,Hamadan Province, Iran,2016,1
Tissue,Oxytetracycline,265±0.013,ppb,Hamadan Province, Iran,2016,1
Tissue,Oxytetracycline,274±0.001,ppb,Hamadan Province, Iran,2016,1
Tissue,Oxytetracycline,248±0.014,ppb,Hamadan Province, Iran,2016,1
Tissue,Oxytetracycline,233±0.010,ppb,Hamadan Province, Iran,2016,1
Tissue,Oxytetracycline,241±0.070,ppb,Hamadan Province, Iran,2016,1
Tissue,Oxytetracycline,257±0.107,ppb,Hamadan Province, Iran,2016,1
Tissue,Oxytetracycline,287±0.032,ppb,Hamadan Province, Iran,2016,1
Tissue,Oxytetracycline,276±0.064,ppb,Hamadan Province, Iran,2016,1
Tissue,Oxytetracycline,295±0.062,ppb,Hamadan Province, Iran,2016,1
Tissue,Oxytetracycline,237±0.054,ppb,Hamadan Province, Iran,2016,1
Tissue,Oxytetracycline,241±0.027,ppb,Hamadan Province, Iran,2016,1
Tissue,Oxytetracycline,255±0.069,ppb,Hamadan Province, Iran,2016,1
Tissue,Oxytetracycline,225±0.063,ppb,Hamadan Province, Iran,2016,1
Tissue,Oxytetracycline,246±0.037,ppb,Hamadan Province, Iran,2016,1
Tissue,Oxytetracycline,251±0.057,ppb,Hamadan Province, Iran,2016,1
Tissue,Oxytetracycline,237±0.029,ppb,Hamadan Province, Iran,2016,1
Tissue,Oxytetracycline,223±0.031,ppb,Hamadan Province, Iran,2016,1
Tissue,Oxytetracycline,226±0.125,ppb,Hamadan Province, Iran,2016,1
Aquatic,Oxytetracycline,920 ± 20,mg/L,Hebei Province, China,2004,2
Aquatic,Oxytetracycline,19.5 ± 2.9,mg/L,Hebei Province, China,2004,2
Sediment,Oxytetracycline,"4,363 ± 520",mg/kg,Hebei Province, China,2004,2
Sediment,Oxytetracycline,"3,763 ± 353",mg/kg,Hebei Province, China,2004,2
Aquatic,Oxytetracycline,712 ± 95,ug/L,Hebei Province, China,2004,2
Aquatic,Oxytetracycline,689 ± 71,ug/L,Hebei Province, China,2005,2
Aquatic,Oxytetracycline,523 ± 74,ug/L,Hebei Province, China,2005,2
Aquatic,Oxytetracycline,612 ± 88,ug/L,Hebei Province, China,2004,2
Aquatic,Oxytetracycline,531 ± 46,ug/L,Hebei Province, China,2005,2
Aquatic,Oxytetracycline,371 ± 34,ug/L,Hebei Province, China,2005,2
Aquatic,Oxytetracycline,484 ± 50,ug/L,Hebei Province, China,2004,2
Aquatic,Oxytetracycline,411 ± 97,ug/L,Hebei Province, China,2005,2
Aquatic,Oxytetracycline,235 ± 55,ug/L,Hebei Province, China,2005,2
Sediment,Oxytetracycline,236 ± 54,mg/kg,Hebei Province, China,2004,2
Sediment,Oxytetracycline,262 ± 71,mg/kg,Hebei Province, China,2005,2
Sediment,Oxytetracycline,171 ± 53,mg/kg,Hebei Province, China,2005,2
Sediment,Oxytetracycline,197 ± 58,mg/kg,Hebei Province, China,2004,2
Sediment,Oxytetracycline,262 ± 71,mg/kg,Hebei Province, China,2005,2
Sediment,Oxytetracycline,171 ± 53,mg/kg,Hebei Province, China,2005,2
Sediment,Oxytetracycline,197 ± 58,mg/kg,Hebei Province, China,2004,2
Sediment,Oxytetracycline,240 ± 63,mg/kg,Hebei Province, China,2005,2
Sediment,Oxytetracycline,166 ± 45,mg/kg,Hebei Province, China,2005,2
Sediment,Oxytetracycline,212 ± 60,mg/kg,Hebei Province, China,2004,2
Sediment,Oxytetracycline,201 ± 62,mg/kg,Hebei Province, China,2005,2
Sediment,Oxytetracycline,139 ± 45,mg/kg,Hebei Province, China,2005,2
Aquatic,Oxytetracycline,0.0954,mg/L,Colorado, United States,2003,3
Aquatic,Oxytetracycline,0.1152,mg/L,Colorado, United States,2003,3
Aquatic,Oxytetracycline,0.9815,mg/L,Colorado, United States,2004,3
Aquatic,Oxytetracycline,0.9367,mg/L,Colorado, United States,2004,3
Aquatic,Oxytetracycline,2.0737,mg/L,Colorado, United States,2004,3
Aquatic,Oxytetracycline,2.0628,mg/L,Colorado, United States,2004,3
Sediment,Oxytetracycline,0,ng/kg,Tianjin, China,2009,4
Sediment,Oxytetracycline,0,ng/kg,Tianjin, China,2009,4
Sediment,Oxytetracycline,0,ng/kg,Tianjin, China,2009,4
Sediment,Oxytetracycline,5.7±1.1×10^4,ng/kg,Tianjin, China,2009,4
Sediment,Oxytetracycline,0,ng/kg,Tianjin, China,2009,4
Sediment,Oxytetracycline,7.5±0.9×10^3,ng/kg,Tianjin, China,2009,4
Sediment,Oxytetracycline,8.1±1.8×10^3,ng/kg,Tianjin, China,2009,4
Sediment,Oxytetracycline,0,ng/kg,Tianjin, China,2009,4
Sediment,Oxytetracycline,0,ng/kg,Tianjin, China,2009,4
Aquatic,Oxytetracycline,0,ng/L,Tianjin, China,2009,4
Aquatic,Oxytetracycline,0,ng/L,Tianjin, China,2009,4
Aquatic,Oxytetracycline,2.1±0.1×10^1,ng/L,Tianjin, China,2009,4
Aquatic,Oxytetracycline,0,ng/L,Tianjin, China,2009,4
Aquatic,Oxytetracycline,4.0±0.2×10^1,ng/L,Tianjin, China,2009,4
Aquatic,Oxytetracycline,4.1±0.1×10^3,ng/L,Tianjin, China,2009,4
Aquatic,Oxytetracycline,0,ng/L,Tianjin, China,2009,4
Aquatic,Oxytetracycline,0,ng/L,Tianjin, China,2009,4
Aquatic,Oxytetracycline,0,ng/L,Tianjin, China,2009,4
Sediment,Oxytetracycline,6.2±0.7×10^4,ng/kg,Tianjin, China,2009,4
Sediment,Oxytetracycline,4.9±0.7×10^4,ng/kg,Tianjin, China,2009,4
Sediment,Oxytetracycline,2.4±0.2×10^6,ng/kg,Tianjin, China,2009,4
Sediment,Oxytetracycline,2.2±0.3×10^6,ng/kg,Tianjin, China,2009,4
Sediment,Oxytetracycline,2.0±0.4×10^5 ,ng/kg,Tianjin, China,2009,4
Sediment,Oxytetracycline,2.7±0.3×10^5,ng/kg,Tianjin, China,2009,4
Sediment,Oxytetracycline,1.4±0.2×10^4,ng/kg,Tianjin, China,2009,4
Sediment,Oxytetracycline,4.1±0.3×10^3,ng/kg,Tianjin, China,2009,4
Sediment,Oxytetracycline,2.1±0.3×10^3,ng/kg,Tianjin, China,2009,4
Sediment,Oxytetracycline,3.2±0.3×10^3,ng/kg,Tianjin, China,2009,4
Sediment,Oxytetracycline,3.8±0.5×10^5,ng/kg,Tianjin, China,2009,4
Sediment,Oxytetracycline,3.4±0.5×10^4,ng/kg,Tianjin, China,2009,4
Sediment,Oxytetracycline,2.0±0.3×10^5,ng/kg,Tianjin, China,2009,4
Sediment,Oxytetracycline,2.1±0.3×10^4,ng/kg,Tianjin, China,2009,4
Sediment,Oxytetracycline,3.9±0.4×10^4,ng/kg,Tianjin, China,2009,4
Sediment,Oxytetracycline,4.8±0.6×10^3,ng/kg,Tianjin, China,2009,4
Sediment,Oxytetracycline,1.8±0.3×10^4,ng/kg,Tianjin, China,2009,4
Sediment,Oxytetracycline,1.7±0.3×10^3,ng/kg,Tianjin, China,2009,4
Sediment,Oxytetracycline,0,ng/kg,Tianjin, China,2009,4
Sediment,Oxytetracycline,0,ng/kg,Tianjin, China,2009,4
Sediment,Oxytetracycline,0,ng/kg,Tianjin, China,2009,4
Sediment,Oxytetracycline,4.2±0.3×10^4,ng/kg,Tianjin, China,2009,4
Sediment,Oxytetracycline,0,ng/kg,Tianjin, China,2009,4
Sediment,Oxytetracycline,6.1±0.4×10^3,ng/kg,Tianjin, China,2009,4
Sediment,Oxytetracycline,1.1±1.1×10^4,ng/kg,Tianjin, China,2009,4
Sediment,Oxytetracycline,0,ng/kg,Tianjin, China,2009,4
Sediment,Oxytetracycline,0,ng/kg,Tianjin, China,2009,4
Aquatic,Oxytetracycline,2.8±0.7×10^2,ng/L,Tianjin, China,2009,4
Aquatic,Oxytetracycline,3.2±0.5×10^2,ng/L,Tianjin, China,2009,4
Aquatic,Oxytetracycline,1.1±0.4×10^4,ng/L,Tianjin, China,2009,4
Aquatic,Oxytetracycline,4.6±0.7×10^3,ng/L,Tianjin, China,2009,4
Aquatic,Oxytetracycline,5.6±0.2×10^2,ng/L,Tianjin, China,2009,4
Aquatic,Oxytetracycline,3.7±0.1×10^2,ng/L,Tianjin, China,2009,4
Aquatic,Oxytetracycline,8.1±0.5×10^1,ng/L,Tianjin, China,2009,4
Aquatic,Oxytetracycline,3.1±0.3×10^1,ng/L,Tianjin, China,2009,4
Aquatic,Oxytetracycline,1.1±0.7×10^2,ng/L,Tianjin, China,2009,4
Aquatic,Oxytetracycline,2.1±0.4×10^1,ng/L,Tianjin, China,2009,4
Aquatic,Oxytetracycline,4.2±0.4×10^3,ng/L,Tianjin, China,2009,4
Aquatic,Oxytetracycline,1.5±0.3×10^2,ng/L,Tianjin, China,2009,4
Aquatic,Oxytetracycline,1.7±0.3×10^3,ng/L,Tianjin, China,2009,4
Aquatic,Oxytetracycline,9.1±0.4×10^1,ng/L,Tianjin, China,2009,4
Aquatic,Oxytetracycline,2.1±0.5×10^2,ng/L,Tianjin, China,2009,4
Aquatic,Oxytetracycline,1.0±0.1×10^1,ng/L,Tianjin, China,2009,4
Aquatic,Oxytetracycline,8.4±0.3×10^1,ng/L,Tianjin, China,2009,4
Aquatic,Oxytetracycline,3.6±0.5×10^1,ng/L,Tianjin, China,2009,4
Aquatic,Oxytetracycline,0,ng/L,Tianjin, China,2009,4
Aquatic,Oxytetracycline,0,ng/L,Tianjin, China,2009,4
Aquatic,Oxytetracycline,0,ng/L,Tianjin, China,2009,4
Aquatic,Oxytetracycline,0,ng/L,Tianjin, China,2009,4
Aquatic,Oxytetracycline,0,ng/L,Tianjin, China,2009,4
Aquatic,Oxytetracycline,0,ng/L,Tianjin, China,2009,4
Aquatic,Oxytetracycline,4.0±0.1×10^1,ng/L,Tianjin, China,2009,4
Aquatic,Oxytetracycline,0,ng/L,Tianjin, China,2009,4
Aquatic,Oxytetracycline,0,ng/L,Tianjin, China,2009,4
Aquatic,Oxytetracycline,8.7±0.5×10^1,ng/L,Tianjin, China,2010,4
Aquatic,Oxytetracycline,7.2±0.2×10^1,ng/L,Tianjin, China,2010,4
Aquatic,Oxytetracycline,5.5±0.3×10^1,ng/L,Tianjin, China,2010,4
Aquatic,Oxytetracycline,5.1±0.2×10^1,ng/L,Tianjin, China,2010,4
Aquatic,Oxytetracycline,3.4±0.3×10^1,ng/L,Tianjin, China,2010,4
Aquatic,Oxytetracycline,1.5±0.7×10^2,ng/L,Tianjin, China,2010,4
Aquatic,Oxytetracycline,8.2±0.4×10^1,ng/L,Tianjin, China,2010,4
Aquatic,Oxytetracycline,3.7±0.3×10^1,ng/L,Tianjin, China,2010,4
Aquatic,Oxytetracycline,3.2±0.2×10^1,ng/L,Tianjin, China,2010,4
Aquatic,Oxytetracycline,2.0±0.4×10^1,ng/L,Tianjin, China,2010,4
Aquatic,Oxytetracycline,3.9±0.4×10^3,ng/L,Tianjin, China,2010,4
Aquatic,Oxytetracycline,3.5±0.2×10^3,ng/L,Tianjin, China,2010,4
Aquatic,Oxytetracycline,2.9±0.3×10^2,ng/L,Tianjin, China,2010,4
Aquatic,Oxytetracycline,2.7±0.3×10^2,ng/L,Tianjin, China,2010,4
Aquatic,Oxytetracycline,2.0±0.3×10^2,ng/L,Tianjin, China,2010,4
Aquatic,Oxytetracycline,1.8±0.3×10^3,ng/L,Tianjin, China,2010,4
Aquatic,Oxytetracycline,1.3±0.3×10^3,ng/L,Tianjin, China,2010,4
Aquatic,Oxytetracycline,1.0±0.3×10^2,ng/L,Tianjin, China,2010,4
Aquatic,Oxytetracycline,9.7±0.3×10^1,ng/L,Tianjin, China,2010,4
Aquatic,Oxytetracycline,9.3±0.4×10^1,ng/L,Tianjin, China,2010,4
Aquatic,Oxytetracycline,2.7±0.5×10^2,ng/L,Tianjin, China,2010,4
Aquatic,Oxytetracycline,1.2±0.5×10^2,ng/L,Tianjin, China,2010,4
Aquatic,Oxytetracycline,6.0±0.1×10^1,ng/L,Tianjin, China,2010,4
Aquatic,Oxytetracycline,2.6±0.1×10^1,ng/L,Tianjin, China,2010,4
Aquatic,Oxytetracycline,1.1±0.1×10^1,ng/L,Tianjin, China,2010,4
Aquatic,Oxytetracycline,9.1±0.3×10^1,ng/L,Tianjin, China,2010,4
Aquatic,Oxytetracycline,6.3±0.2×10^1,ng/L,Tianjin, China,2010,4
Aquatic,Oxytetracycline,4.9±0.4×10^1,ng/L,Tianjin, China,2010,4
Aquatic,Oxytetracycline,4.4±0.2×10^1,ng/L,Tianjin, China,2010,4
Aquatic,Oxytetracycline,3.2±0.5×10^1,ng/L,Tianjin, China,2010,4
Sediment,TETRACYCLINE,0,ng/kg,Tianjin, China,2009,4
Sediment,TETRACYCLINE,0,ng/kg,Tianjin, China,2009,4
Sediment,TETRACYCLINE,0,ng/kg,Tianjin, China,2009,4
Sediment,TETRACYCLINE,5.6±0.8×10^3,ng/kg,Tianjin, China,2009,4
Sediment,TETRACYCLINE,0,ng/kg,Tianjin, China,2009,4
Sediment,TETRACYCLINE,0,ng/kg,Tianjin, China,2009,4
Sediment,TETRACYCLINE,6.1±0.9×10^3,ng/kg,Tianjin, China,2009,4
Sediment,TETRACYCLINE,0,ng/kg,Tianjin, China,2009,4
Sediment,TETRACYCLINE,0,ng/kg,Tianjin, China,2009,4
Aquatic,TETRACYCLINE,0,ng/L,Tianjin, China,2009,4
Aquatic,TETRACYCLINE,0,ng/L,Tianjin, China,2009,4
Aquatic,TETRACYCLINE,0,ng/L,Tianjin, China,2009,4
Aquatic,TETRACYCLINE,2.0±0.2×10^1,ng/L,Tianjin, China,2009,4
Aquatic,TETRACYCLINE,0,ng/L,Tianjin, China,2009,4
Aquatic,TETRACYCLINE,0,ng/L,Tianjin, China,2009,4
Aquatic,TETRACYCLINE,3.2±0.1×10^1,ng/L,Tianjin, China,2009,4
Aquatic,TETRACYCLINE,0,ng/L,Tianjin, China,2009,4
Aquatic,TETRACYCLINE,0,ng/L,Tianjin, China,2009,4
Sediment,TETRACYCLINE,2.4±0.4×10^4,ng/kg,Tianjin, China,2009,4
Sediment,TETRACYCLINE,0,ng/kg,Tianjin, China,2009,4
Sediment,TETRACYCLINE,1.2±0.2×10^6,ng/kg,Tianjin, China,2009,4
Sediment,TETRACYCLINE,1.0±0.2×10^6,ng/kg,Tianjin, China,2009,4
Sediment,TETRACYCLINE,0,ng/kg,Tianjin, China,2009,4
Sediment,TETRACYCLINE,0,ng/kg,Tianjin, China,2009,4
Sediment,TETRACYCLINE,5.7±0.6×10^3,ng/kg,Tianjin, China,2009,4
Sediment,TETRACYCLINE,0,ng/kg,Tianjin, China,2009,4
Sediment,TETRACYCLINE,0,ng/kg,Tianjin, China,2009,4
Sediment,TETRACYCLINE,0,ng/kg,Tianjin, China,2009,4
Sediment,TETRACYCLINE,2.4±0.3×10^5,ng/kg,Tianjin, China,2009,4
Sediment,TETRACYCLINE,1.9±0.3×10^4,ng/kg,Tianjin, China,2009,4
Sediment,TETRACYCLINE,9.2±1.1×10^4,ng/kg,Tianjin, China,2009,4
Sediment,TETRACYCLINE,8.0±0.9×10^3,ng/kg,Tianjin, China,2009,4
Sediment,TETRACYCLINE,0,ng/kg,Tianjin, China,2009,4
Sediment,TETRACYCLINE,0,ng/kg,Tianjin, China,2009,4
Sediment,TETRACYCLINE,0,ng/kg,Tianjin, China,2009,4
Sediment,TETRACYCLINE,0,ng/kg,Tianjin, China,2009,4
Sediment,TETRACYCLINE,0,ng/kg,Tianjin, China,2009,4
Sediment,TETRACYCLINE,0,ng/kg,Tianjin, China,2009,4
Sediment,TETRACYCLINE,0,ng/kg,Tianjin, China,2009,4
Sediment,TETRACYCLINE,7.8±0.4×10^3,ng/kg,Tianjin, China,2009,4
Sediment,TETRACYCLINE,0,ng/kg,Tianjin, China,2009,4
Sediment,TETRACYCLINE,0,ng/kg,Tianjin, China,2009,4
Sediment,TETRACYCLINE,7.0±0.7×10^3,ng/kg,Tianjin, China,2009,4
Sediment,TETRACYCLINE,0,ng/kg,Tianjin, China,2009,4
Sediment,TETRACYCLINE,0,ng/kg,Tianjin, China,2009,4
Aquatic,TETRACYCLINE,9.0±0.7×10^1,ng/L,Tianjin, China,2009,4
Aquatic,TETRACYCLINE,0,ng/L,Tianjin, China,2009,4
Aquatic,TETRACYCLINE,9.0±0.7×10^3,ng/L,Tianjin, China,2009,4
Aquatic,TETRACYCLINE,1.6±0.4×10^3,ng/L,Tianjin, China,2009,4
Aquatic,TETRACYCLINE,0,ng/L,Tianjin, China,2009,4
Aquatic,TETRACYCLINE,0,ng/L,Tianjin, China,2009,4
Aquatic,TETRACYCLINE,3.0±0.2×10^1,ng/L,Tianjin, China,2009,4
Aquatic,TETRACYCLINE,0,ng/L,Tianjin, China,2009,4
Aquatic,TETRACYCLINE,0,ng/L,Tianjin, China,2009,4
Aquatic,TETRACYCLINE,0,ng/L,Tianjin, China,2009,4
Aquatic,TETRACYCLINE,1.6±0.4×10^3,ng/L,Tianjin, China,2009,4
Aquatic,TETRACYCLINE,8.8±0.2×10^1,ng/L,Tianjin, China,2009,4
Aquatic,TETRACYCLINE,3.5±0.1×10^2,ng/L,Tianjin, China,2009,4
Aquatic,TETRACYCLINE,3.1±0.4×10^1,ng/L,Tianjin, China,2009,4
Aquatic,TETRACYCLINE,0,ng/L,Tianjin, China,2009,4
Aquatic,TETRACYCLINE,0,ng/L,Tianjin, China,2009,4
Aquatic,TETRACYCLINE,0,ng/L,Tianjin, China,2009,4
Aquatic,TETRACYCLINE,0,ng/L,Tianjin, China,2009,4
Aquatic,TETRACYCLINE,0,ng/L,Tianjin, China,2009,4
Aquatic,TETRACYCLINE,0,ng/L,Tianjin, China,2009,4
Aquatic,TETRACYCLINE,0,ng/L,Tianjin, China,2009,4
Aquatic,TETRACYCLINE,2.3±0.1×10^1,ng/L,Tianjin, China,2009,4
Aquatic,TETRACYCLINE,0,ng/L,Tianjin, China,2009,4
Aquatic,TETRACYCLINE,0,ng/L,Tianjin, China,2009,4
Aquatic,TETRACYCLINE,3.0±0.1×10^1,ng/L,Tianjin, China,2009,4
Aquatic,TETRACYCLINE,0,ng/L,Tianjin, China,2009,4
Aquatic,TETRACYCLINE,0,ng/L,Tianjin, China,2009,4
Aquatic,TETRACYCLINE,0,ng/L,Tianjin, China,2010,4
Aquatic,TETRACYCLINE,0,ng/L,Tianjin, China,2010,4
Aquatic,TETRACYCLINE,0,ng/L,Tianjin, China,2010,4
Aquatic,TETRACYCLINE,0,ng/L,Tianjin, China,2010,4
Aquatic,TETRACYCLINE,0,ng/L,Tianjin, China,2010,4
Aquatic,TETRACYCLINE,0,ng/L,Tianjin, China,2010,4
Aquatic,TETRACYCLINE,0,ng/L,Tianjin, China,2010,4
Aquatic,TETRACYCLINE,3.7±0.3×10^1,ng/L,Tianjin, China,2010,4
Aquatic,TETRACYCLINE,3.2±0.2×10^1,ng/L,Tianjin, China,2010,4
Aquatic,TETRACYCLINE,2.0±0.4×10^1,ng/L,Tianjin, China,2010,4
Aquatic,TETRACYCLINE,3.9±0.4×10^3,ng/L,Tianjin, China,2010,4
Aquatic,TETRACYCLINE,3.5±0.2×10^3,ng/L,Tianjin, China,2010,4
Aquatic,TETRACYCLINE,2.9±0.3×10^2,ng/L,Tianjin, China,2010,4
Aquatic,TETRACYCLINE,2.7±0.3×10^2,ng/L,Tianjin, China,2010,4
Aquatic,TETRACYCLINE,2.0±0.3×10^2,ng/L,Tianjin, China,2010,4
Aquatic,TETRACYCLINE,1.8±0.3×10^3,ng/L,Tianjin, China,2010,4
Aquatic,TETRACYCLINE,1.3±0.3×10^3,ng/L,Tianjin, China,2010,4
Aquatic,TETRACYCLINE,1.0±0.3×10^2,ng/L,Tianjin, China,2010,4
Aquatic,TETRACYCLINE,9.7±0.3×10^1,ng/L,Tianjin, China,2010,4
Aquatic,TETRACYCLINE,9.3±0.4×10^1,ng/L,Tianjin, China,2010,4
Aquatic,TETRACYCLINE,2.7±0.5×10^2,ng/L,Tianjin, China,2010,4
Aquatic,TETRACYCLINE,1.2±0.5×10^2,ng/L,Tianjin, China,2010,4
Aquatic,TETRACYCLINE,6.0±0.1×10^1,ng/L,Tianjin, China,2010,4
Aquatic,TETRACYCLINE,2.6±0.1×10^1,ng/L,Tianjin, China,2010,4
Aquatic,TETRACYCLINE,1.1±0.1×10^1,ng/L,Tianjin, China,2010,4
Aquatic,TETRACYCLINE,9.1±0.3×10^1,ng/L,Tianjin, China,2010,4
Aquatic,TETRACYCLINE,6.3±0.2×10^1,ng/L,Tianjin, China,2010,4
Aquatic,TETRACYCLINE,4.9±0.4×10^1,ng/L,Tianjin, China,2010,4
Aquatic,TETRACYCLINE,4.4±0.2×10^1,ng/L,Tianjin, China,2010,4
Aquatic,TETRACYCLINE,3.2±0.5×10^1,ng/L,Tianjin, China,2010,4
Aquatic,Oxytetracycline,0,ng/L,Jiangsu, China,2009,5
Aquatic,Oxytetracycline,0,ng/L,Jiangsu, China,2009,5
Aquatic,Oxytetracycline,16.25,ng/L,Jiangsu, China,2009,5
Aquatic,Oxytetracycline,84.54,ng/L,Jiangsu, China,2009,5
Aquatic,Oxytetracycline,15.61,ng/L,Jiangsu, China,2009,5
Aquatic,Oxytetracycline,0,ng/L,Jiangsu, China,2009,5
Aquatic,Oxytetracycline,40.01,ng/L,Jiangsu, China,2009,5
Aquatic,Oxytetracycline,51.01,ng/L,Jiangsu, China,2009,5
Aquatic,Oxytetracycline,44.02,ng/L,Jiangsu, China,2009,5
Aquatic,Oxytetracycline,37.89,ng/L,Jiangsu, China,2009,5
Aquatic,Oxytetracycline,32.83,ng/L,Jiangsu, China,2009,5
Aquatic,Oxytetracycline,14.83,ng/L,Jiangsu, China,2009,5
Aquatic,Oxytetracycline,0,ng/L,Jiangsu, China,2009,5
Aquatic,Oxytetracycline,13.61,ng/L,Jiangsu, China,2009,5
Aquatic,Oxytetracycline,0,ng/L,Jiangsu, China,2009,5
Aquatic,Oxytetracycline,19.15,ng/L,Jiangsu, China,2009,5
Aquatic,Oxytetracycline,36.81,ng/L,Jiangsu, China,2009,5
Aquatic,Oxytetracycline,0,ng/L,Jiangsu, China,2009,5
Aquatic,Oxytetracycline,12.99,ng/L,Jiangsu, China,2009,5
Aquatic,Oxytetracycline,0,ng/L,Jiangsu, China,2009,5
Aquatic,Oxytetracycline,0,ng/L,Jiangsu, China,2009,5
Aquatic,Oxytetracycline,6.72,ng/L,Jiangsu, China,2009,5
Aquatic,Oxytetracycline,2.34,ng/L,Jiangsu, China,2009,5
Aquatic,Oxytetracycline,13.77,ng/L,Jiangsu, China,2009,5
Aquatic,Oxytetracycline,10.39,ng/L,Jiangsu, China,2009,5
Aquatic,Oxytetracycline,4.57,ng/L,Jiangsu, China,2009,5
Aquatic,Oxytetracycline,12.24,ng/L,Jiangsu, China,2009,5
Aquatic,Oxytetracycline,4.48,ng/L,Jiangsu, China,2009,5
Aquatic,Oxytetracycline,3.4,ng/L,Jiangsu, China,2009,5
Aquatic,Oxytetracycline,6.96,ng/L,Jiangsu, China,2009,5
Aquatic,Oxytetracycline,0,ng/L,Jiangsu, China,2009,5
Aquatic,Oxytetracycline,3.44,ng/L,Jiangsu, China,2009,5
Aquatic,Oxytetracycline,0,ng/L,Jiangsu, China,2009,5
Aquatic,Oxytetracycline,7.9,ng/L,Jiangsu, China,2009,5
Aquatic,Oxytetracycline,3.65,ng/L,Jiangsu, China,2009,5
Aquatic,Oxytetracycline,13.28,ng/L,Jiangsu, China,2009,5
Aquatic,Oxytetracycline,1.15,ng/L,Jiangsu, China,2009,5
Aquatic,CHLORTETRACYCLINE,150,ng/L,Georgia,USA,2001,6
Aquatic,Oxytetracycline,340,ng/L,Georgia,USA,2001,6
Aquatic,Oxytetracycline,70,ng/L,Kansas,USA,2001,6
Aquatic,Oxytetracycline,134,ng/L,Kansas,USA,2001,6
Aquatic,Tetracycline,110,ng/L,Georgia,USA,2001,6
Aquatic,Oxytetracycline,19.2,ng/L,Lombardy,Italy,2003,6
Aquatic,Oxytetracycline,14.35,ng/L,Lombardy,Italy,2003,6
Aquatic,Oxytetracycline,4.5,ng/L,Lombardy,Italy,2003,6
Aquatic,Oxytetracycline,0.19,ng/L,Lombardy,Italy,2003,6
Aquatic,Oxytetracycline,180,ng/L,Colorado,USA,2007,6
Aquatic,Oxytetracycline,2.2,ng/L,,China,2009,6
Aquatic,Oxytetracycline,3,ng/L,,Luxembourg,2009,6
Aquatic,Oxytetracycline,312,ng/L,,China,2009,6
Aquatic,Oxytetracycline,204,ng/L,,China,2009,6
Aquatic,Oxytetracycline,72,ng/L,,China,2009,6
Aquatic,Oxytetracycline,24,ng/L,,China,2009,6
Aquatic,Oxytetracycline,21,ng/L,,China,2009,6
Aquatic,Oxytetracycline,21,ng/L,,China,2009,6
Aquatic,Oxytetracycline,20,ng/L,,China,2009,6
Aquatic,Oxytetracycline,19,ng/L,,China,2009,6
Aquatic,Oxytetracycline,19,ng/L,,China,2009,6
Aquatic,Oxytetracycline,18,ng/L,,China,2009,6
Aquatic,Oxytetracycline,16,ng/L,,China,2009,6
Aquatic,Oxytetracycline,15,ng/L,,China,2009,6
Aquatic,Oxytetracycline,1.82,ng/L,,Italy,2010,6
Aquatic,Oxytetracycline,1.23,ng/L,,Italy,2010,6
Aquatic,Oxytetracycline,410,ng/L,,China,2011,6
Aquatic,Oxytetracycline,400,ng/L,,China,2011,6
Aquatic,Oxytetracycline,11,ng/L,,Pakistan,2013,6
Aquatic,Oxytetracycline,78,ng/L,,Pakistan,2013,6
Aquatic,Oxytetracycline,1100,ng/L,,Pakistan,2013,6
Aquatic,Oxytetracycline,4.9,ng/L,,Pakistan,2013,6
Aquatic,Oxytetracycline,3.5,ng/L,,Pakistan,2013,6
Aquatic,Oxytetracycline,6.8,ng/L,,Pakistan,2013,6
Aquatic,Oxytetracycline,4.2,ng/L,,Pakistan,2013,6
Aquatic,Oxytetracycline,1.1,ng/L,,Pakistan,2013,6
Aquatic,Oxytetracycline,6.4,ng/L,,Pakistan,2013,6
Aquatic,Oxytetracycline,5.8,ng/L,,Pakistan,2013,6
Aquatic,Oxytetracycline,14,ng/L,,Pakistan,2013,6
Aquatic,Oxytetracycline,1.395384643,ng/L,,Indonesia,2013,6
Aquatic,Oxytetracycline,225.8505202,ng/L,,Vietnam,2013,6
Aquatic,Oxytetracycline,9.018706538,ng/L,,Vietnam,2013,6
Aquatic,Oxytetracycline,4.783705851,ng/L,,Vietnam,2013,6
Aquatic,Oxytetracycline,4.716050203,ng/L,,Vietnam,2013,6
Aquatic,Oxytetracycline,4.396311761,ng/L,,Vietnam,2013,6
Aquatic,Oxytetracycline,3.926249273,ng/L,,Vietnam,2013,6
Aquatic,Oxytetracycline,61.20018087,ng/L,,South Africa,2015,6
Aquatic,Oxytetracycline,1417,ng/L,,Ghana,2015,6
Aquatic,Oxytetracycline,903,ng/L,,Ghana,2015,6
Aquatic,Oxytetracycline,697,ng/L,,Ghana,2015,6
Aquatic,Oxytetracycline,689,ng/L,,Ghana,2015,6
Aquatic,Oxytetracycline,493,ng/L,,Ghana,2015,6
Aquatic,Oxytetracycline,373,ng/L,,Ghana,2015,6
Aquatic,Oxytetracycline,346,ng/L,,Ghana,2015,6
Aquatic,Oxytetracycline,252,ng/L,,Ghana,2015,6
Aquatic,Oxytetracycline,203,ng/L,,Ghana,2015,6
Aquatic,Oxytetracycline,50,ng/L,,Ghana,2015,6
Aquatic,Oxytetracycline,10,ng/L,,Ghana,2015,6
Aquatic,Oxytetracycline,33.27,ng/L,Guangdong, China,2013,7
Aquatic,Oxytetracycline,427,ng/L,Guangdong, China,2013,7
Aquatic,Oxytetracycline,115,ng/L,Guangdong, China,2013,7
Aquatic,Oxytetracycline,0,ng/L,Guangdong, China,2013,7
Aquatic,Oxytetracycline,0,ng/L,Guangdong, China,2013,7
Aquatic,Oxytetracycline,17.84,ng/L,Guangdong, China,2013,7
Aquatic,Oxytetracycline,0,ng/L,Guangdong, China,2013,7
Aquatic,Oxytetracycline,0,ng/L,Guangdong, China,2013,7
Aquatic,Oxytetracycline,20.14,ng/L,Guangdong, China,2013,7
Aquatic,Oxytetracycline,15163,ng/L,Guangdong, China,2013,7
Aquatic,Oxytetracycline,0,ng/L,Guangdong, China,2013,7
Aquatic,Oxytetracycline,0,ng/L,Guangdong, China,2013,7
Aquatic,Oxytetracycline,63.98,ng/L,Guangdong, China,2013,7
Aquatic,Oxytetracycline,17.76,ng/L,Guangdong, China,2013,7
Aquatic,Oxytetracycline,0,ng/L,Guangdong, China,2013,7
Aquatic,Oxytetracycline,0,ng/L,Guangdong, China,2013,7
Aquatic,Oxytetracycline,0,ng/L,Guangdong, China,2013,7
Aquatic,Oxytetracycline,0,ng/L,Guangdong, China,2013,7
Aquatic,Oxytetracycline,0,ng/L,Guangdong, China,2013,7
Aquatic,Oxytetracycline,0,ng/L,Guangdong, China,2013,7
Aquatic,Oxytetracycline,0,ng/L,Guangdong, China,2013,7
Aquatic,Oxytetracycline,0,ng/L,Guangdong, China,2013,7
Aquatic,Oxytetracycline,0,ng/L,Guangdong, China,2013,7
Aquatic,Oxytetracycline,0,ng/L,Guangdong, China,2013,7
Aquatic,Oxytetracycline,0,ng/L,Guangdong, China,2013,7
Aquatic,Oxytetracycline,0,ng/L,Guangdong, China,2013,7
Aquatic,Oxytetracycline,0,ng/L,Guangdong, China,2013,7
Aquatic,Oxytetracycline,0,ng/L,Guangdong, China,2013,7
Aquatic,Oxytetracycline,0,ng/L,Guangdong, China,2013,7
Aquatic,Oxytetracycline,0,ng/L,Guangdong, China,2013,7
Aquatic,Oxytetracycline,0,ng/L,Guangdong, China,2013,7
Aquatic,Oxytetracycline,0,ng/L,Guangdong, China,2013,7
Aquatic,Oxytetracycline,0,ng/L,Guangdong, China,2013,7
Aquatic,Oxytetracycline,16.94,ng/L,Guangdong, China,2013,7
Aquatic,Oxytetracycline,0,ng/L,Guangdong, China,2013,7
Aquatic,Oxytetracycline,0,ng/L,Guangdong, China,2013,7
Aquatic,Oxytetracycline,0,ng/L,Guangdong, China,2013,7
Aquatic,Oxytetracycline,0,ng/L,Guangdong, China,2013,7
Aquatic,Oxytetracycline,23.7,ng/L,Guangdong, China,2013,7
Sediment,Oxytetracycline,176,ng/L,Guangdong, China,2013,7
Sediment,Oxytetracycline,0,ng/L,Guangdong, China,2013,7
Sediment,Oxytetracycline,0,ng/L,Guangdong, China,2013,7
Sediment,Oxytetracycline,0,ng/L,Guangdong, China,2013,7
Sediment,Oxytetracycline,0,ng/L,Guangdong, China,2013,7
Sediment,Oxytetracycline,0,ng/L,Guangdong, China,2013,7
Sediment,Oxytetracycline,18.72,ng/L,Guangdong, China,2013,7
Sediment,Oxytetracycline,0,ng/L,Guangdong, China,2013,7
Sediment,Oxytetracycline,0,ng/L,Guangdong, China,2013,7
Sediment,Oxytetracycline,0,ng/L,Guangdong, China,2013,7
Sediment,Oxytetracycline,0,ng/L,Guangdong, China,2013,7
Sediment,Oxytetracycline,0,ng/L,Guangdong, China,2013,7
Sediment,Oxytetracycline,0,ng/L,Guangdong, China,2013,7
Sediment,Oxytetracycline,0,ng/L,Guangdong, China,2013,7
Sediment,Oxytetracycline,0,ng/L,Guangdong, China,2013,7
Sediment,Oxytetracycline,0,ng/L,Guangdong, China,2013,7
Sediment,Oxytetracycline,0,ng/L,Guangdong, China,2013,7
Sediment,Oxytetracycline,0,ng/L,Guangdong, China,2013,7
Sediment,Oxytetracycline,0,ng/L,Guangdong, China,2013,7
Sediment,Oxytetracycline,0,ng/L,Guangdong, China,2013,7
Sediment,Oxytetracycline,0,ng/L,Guangdong, China,2013,7
Sediment,Oxytetracycline,0,ng/L,Guangdong, China,2013,7
Sediment,Oxytetracycline,0,ng/L,Guangdong, China,2013,7
Sediment,Oxytetracycline,0,ng/L,Guangdong, China,2013,7
Aquatic,Oxytetracycline,0,ng/L,Guangdong, China,2012,8
Aquatic,Oxytetracycline,48.1,ng/L,Guangdong, China,2012,8
Aquatic,Oxytetracycline,0,ng/L,Guangdong, China,2012,8
Aquatic,Oxytetracycline,0,ng/L,Guangdong, China,2012,8
Aquatic,Oxytetracycline,0,ng/L,Guangdong, China,2012,8
Aquatic,Oxytetracycline,0,ng/L,Guangdong, China,2012,8
Sediment,Oxytetracycline,0,ng/L,Guangdong, China,2012,8
Sediment,Oxytetracycline,1.55,ug/kg,Guangdong, China,2012,8
Sediment,Oxytetracycline,10.52,ug/kg,Guangdong, China,2012,8
Sediment,Oxytetracycline,0,ug/kg,Guangdong, China,2012,8
Sediment,Oxytetracycline,2.58,ug/kg,Guangdong, China,2012,8
Sediment,Oxytetracycline,17.5,ug/kg,Guangdong, China,2012,8
Sediment,Oxytetracycline,5.78,ug/kg,Guangdong, China,2012,8
Sediment,Oxytetracycline,1.73,ug/kg,Guangdong, China,2012,8
Sediment,Oxytetracycline,0,ug/kg,Guangdong, China,2012,8
Sediment,Oxytetracycline,15.6,ug/kg,Guangdong, China,2012,8
Sediment,Oxytetracycline,0,ug/kg,Guangdong, China,2012,8
Sediment,Oxytetracycline,0,ug/kg,Guangdong, China,2012,8
Sediment,Oxytetracycline,10.7,ug/kg,Guangdong, China,2012,8
Sediment,Oxytetracycline,4.06,ug/kg,Guangdong, China,2012,8
Sediment,Oxytetracycline,6.96,ug/kg,Guangdong, China,2012,8
Sediment,Oxytetracycline,0,ug/kg,Guangdong, China,2012,8
Sediment,Oxytetracycline,0,ug/kg,Guangdong, China,2012,8
Sediment,Oxytetracycline,4.39,ug/kg,Guangdong, China,2012,8
Aquatic,Oxytetracycline,0,ug/L,Maryland, USA,2005,10
Aquatic,Oxytetracycline,0,ug/L,Maryland, USA,2005,10
Aquatic,Oxytetracycline,0,ug/L,Maryland, USA,2005,10
Aquatic,Oxytetracycline,0,ug/L,Maryland, USA,2005,10
Aquatic,Oxytetracycline,0,ug/L,Maryland, USA,2005,10
Aquatic,Oxytetracycline,0.388,ug/L,Maryland, USA,2005,10
Aquatic,Oxytetracycline,0.045,ug/L,Maryland, USA,2005,10
Aquatic,Oxytetracycline,0.059,ug/L,Maryland, USA,2005,10
Aquatic,Oxytetracycline,0,ug/L,Maryland, USA,2005,10
Aquatic,Oxytetracycline,0,ug/L,Maryland, USA,2005,10
Aquatic,Oxytetracycline,0,ug/L,Maryland, USA,2005,10
Aquatic,Oxytetracycline,0,ug/L,Maryland, USA,2005,10
Aquatic,Oxytetracycline,0.084,ug/L,Maryland, USA,2005,10
Aquatic,Oxytetracycline,0,ug/L,Maryland, USA,2005,10
Aquatic,Oxytetracycline,0,ug/L,Maryland, USA,2005,10
Aquatic,Oxytetracycline,0,ug/L,Maryland, USA,2005,10
Aquatic,Oxytetracycline,0,ug/L,Maryland, USA,2005,10
Aquatic,Oxytetracycline,0.013,ug/L,Maryland, USA,2005,10
Aquatic,Oxytetracycline,0.049,ug/L,Maryland, USA,2005,10
Aquatic,Oxytetracycline,0,ug/L,Maryland, USA,2005,10
Aquatic,Oxytetracycline,0,ug/L,Maryland, USA,2005,10
Aquatic,Oxytetracycline,0,ug/L,Maryland, USA,2005,10
Aquatic,Oxytetracycline,0.047,ug/L,Maryland, USA,2005,10
Aquatic,Oxytetracycline,0.006,ug/L,Maryland, USA,2005,10
Aquatic,Oxytetracycline,0,ug/L,Maryland, USA,2005,10
Aquatic,Oxytetracycline,0,ug/L,Maryland, USA,2005,10
Aquatic,Oxytetracycline,0.009,ug/L,Maryland, USA,2005,10
Aquatic,Oxytetracycline,0,ug/L,Maryland, USA,2005,10
Aquatic,Oxytetracycline,0,ug/L,Maryland, USA,2005,10
Aquatic,Oxytetracycline,0,ug/L,Maryland, USA,2005,10
Aquatic,Oxytetracycline,0,ug/L,Maryland, USA,2005,10
Aquatic,Oxytetracycline,0.005,ug/L,Maryland, USA,2005,10
Aquatic,Oxytetracycline,0,ug/L,Maryland, USA,2005,10
Aquatic,Oxytetracycline,0,ug/L,Maryland, USA,2005,10
Aquatic,Oxytetracycline,0,ug/L,Maryland, USA,2005,10
Aquatic,Oxytetracycline,0.007,ug/L,Maryland, USA,2005,10
Aquatic,Oxytetracycline,0.017,ug/L,Maryland, USA,2005,10
Aquatic,Oxytetracycline,0.009,ug/L,Maryland, USA,2005,10
Aquatic,Oxytetracycline,0,ug/L,Maryland, USA,2005,10
Aquatic,Oxytetracycline,0,ug/L,Maryland, USA,2005,10
Aquatic,Oxytetracycline,0,ug/L,Maryland, USA,2005,10
Aquatic,Oxytetracycline,0,ug/L,Maryland, USA,2005,10
Aquatic,Oxytetracycline,0.007,ug/L,Maryland, USA,2005,10
Aquatic,Oxytetracycline,0.007,ug/L,Maryland, USA,2005,10
Aquatic,Oxytetracycline,0,ug/L,Maryland, USA,2005,10
Aquatic,Oxytetracycline,0,ug/L,Maryland, USA,2005,10
Aquatic,Oxytetracycline,0,ug/L,Maryland, USA,2005,10
Aquatic,Oxytetracycline,0,ug/L,Maryland, USA,2005,10
Aquatic,Oxytetracycline,0,ug/L,Maryland, USA,2005,10
Aquatic,Oxytetracycline,0,ug/L,Maryland, USA,2005,10
Aquatic,Oxytetracycline,0,ug/L,Maryland, USA,2005,10
Aquatic,Oxytetracycline,0,ug/L,Maryland, USA,2005,10
Aquatic,Oxytetracycline,0,ug/L,Maryland, USA,2005,10
Aquatic,Oxytetracycline,0,ug/L,Maryland, USA,2005,10
Aquatic,Oxytetracycline,0,ug/L,Maryland, USA,2005,10
Aquatic,Oxytetracycline,0,ug/L,Maryland, USA,2005,10
Aquatic,Oxytetracycline,0,ug/L,Maryland, USA,2005,10
Aquatic,Oxytetracycline,0,ug/L,Maryland, USA,2005,10
Aquatic,Oxytetracycline,0,ug/L,Maryland, USA,2005,10
Aquatic,Oxytetracycline,0,ug/L,Maryland, USA,2005,10
Aquatic,Oxytetracycline,0,ug/L,Maryland, USA,2005,10
Aquatic,Oxytetracycline,0.007,ug/L,Maryland, USA,2005,10
Aquatic,Oxytetracycline,0.007,ug/L,Maryland, USA,2005,10
Aquatic,Oxytetracycline,0,ug/L,Maryland, USA,2005,10
Aquatic,Oxytetracycline,0,ug/L,Maryland, USA,2005,10
Aquatic,Oxytetracycline,0,ug/L,Maryland, USA,2005,10
Aquatic,Oxytetracycline,0,ug/L,Maryland, USA,2005,10
Aquatic,Oxytetracycline,0,ug/L,Maryland, USA,2005,10
Aquatic,Oxytetracycline,0,ug/L,Maryland, USA,2005,10
Aquatic,Oxytetracycline,0,ug/L,Maryland, USA,2005,10
Aquatic,Oxytetracycline,0,ug/L,Maryland, USA,2005,10
Aquatic,Oxytetracycline,0,ug/L,Maryland, USA,2005,10
Aquatic,Oxytetracycline,0,ug/L,Maryland, USA,2005,10
Aquatic,Oxytetracycline,0,ug/L,Maryland, USA,2005,10
Aquatic,Oxytetracycline,0.001,ug/L,Maryland, USA,2005,10
Aquatic,Oxytetracycline,0,ug/L,Maryland, USA,2005,10
Aquatic,Oxytetracycline,0.0024,ug/L,Maryland, USA,2005,10
Aquatic,Oxytetracycline,0,ug/L,Maryland, USA,2005,10
Aquatic,Oxytetracycline,0,ug/L,Maryland, USA,2005,10
Aquatic,Oxytetracycline,0,ug/L,Maryland, USA,2005,10
Aquatic,Oxytetracycline,0,ug/L,Maryland, USA,2005,10
Aquatic,Oxytetracycline,0,ug/L,Maryland, USA,2005,10
Sediment,Oxytetracycline,0,ug/kg,Maryland, USA,2005,10
Sediment,Oxytetracycline,0,ug/kg,Maryland, USA,2005,10
Sediment,Oxytetracycline,0,ug/kg,Maryland, USA,2005,10
Sediment,Oxytetracycline,0,ug/kg,Maryland, USA,2005,10
Tissue,Oxytetracycline,0,ng/g,,India,2012,11
Tissue,Oxytetracycline,7.68,ng/g,,Mexico,2012,11
Tissue,Oxytetracycline,2.69,ng/g,,Chile,2012,11
Tissue,Oxytetracycline,0,ng/g,,USA,2012,11
Tissue,Oxytetracycline,0,ng/g,,USA,2012,11
Tissue,Oxytetracycline,3.91,ng/g,,USA,2012,11
Tissue,Oxytetracycline,0,ng/g,,USA,2012,11
Tissue,Oxytetracycline,8.555,ng/g,,USA,2012,11
Tissue,Oxytetracycline,0,ng/g,,USA,2012,11
Tissue,Oxytetracycline,0,ng/g,,USA,2012,11
Tissue,Oxytetracycline,0,ng/g,,Vietnam,2012,11
Aquatic,Oxytetracycline,328,ng/L,Muntenia, Romania,2019,12
Aquatic,Oxytetracycline,935.5,ng/L,Muntenia, Romania,2019,12
Aquatic,Oxytetracycline,34.1,ng/L,Muntenia, Romania,2019,12
Aquatic,Oxytetracycline,313.1,ng/L,Muntenia, Romania,2019,12
Aquatic,Oxytetracycline,1032,ng/L,Muntenia, Romania,2019,12
Aquatic,Oxytetracycline,0,ng/L,Muntenia, Romania,2019,12
Aquatic,Oxytetracycline,2450,ng/L,Muntenia, Romania,2019,12
Aquatic,Oxytetracycline,399.5,ng/L,Muntenia, Romania,2019,12
Aquatic,Oxytetracycline,0,ng/L,Jiangsu, China,2011,13
Aquatic,Oxytetracycline,0,ng/L,Jiangsu, China,2011,13
Aquatic,Oxytetracycline,0,ng/L,Jiangsu, China,2011,13
Aquatic,Oxytetracycline,0,ng/L,Jiangsu, China,2011,13
Aquatic,Oxytetracycline,0,ng/L,Jiangsu, China,2012,13
Aquatic,Oxytetracycline,0,ng/L,Jiangsu, China,2012,13
Aquatic,Oxytetracycline,22.5,ng/L,Jiangsu, China,2012,13
Aquatic,Oxytetracycline,5.13,ng/L,Jiangsu, China,2012,13
Aquatic,Oxytetracycline,6.87,ug/L,Jiangsu, China,2009,14
Aquatic,Oxytetracycline,72.9,ug/L,Jiangsu, China,2009,14
Aquatic,Oxytetracycline,11.1,ug/L,Jiangsu, China,2009,14
Aquatic,Oxytetracycline,2.2,ug/L,Jiangsu, China,2009,14
Aquatic,Oxytetracycline,0,ng/L,Shandong, China,2017,15
Aquatic,Oxytetracycline,0,ng/L,Shandong, China,2017,15
Aquatic,Oxytetracycline,0,ng/L,Shandong, China,2017,15
Aquatic,Oxytetracycline,0,ng/L,Shandong, China,2017,15
Aquatic,Oxytetracycline,0,ng/L,Shandong, China,2017,15
Aquatic,Oxytetracycline,0,ng/L,Shandong, China,2017,15
Aquatic,Oxytetracycline,0,ng/L,Shandong, China,2017,15
Aquatic,Oxytetracycline,0,ng/L,Shandong, China,2017,15
Aquatic,Oxytetracycline,0,ng/L,Shandong, China,2017,15
Aquatic,Oxytetracycline,0,ng/L,Shandong, China,2017,15
Aquatic,Oxytetracycline,0,ng/L,Shandong, China,2017,15
Aquatic,Oxytetracycline,0,ng/L,Shandong, China,2017,15
Aquatic,Oxytetracycline,0,ng/L,Shandong, China,2017,15
Aquatic,Oxytetracycline,0,ng/L,Shandong, China,2017,15
Aquatic,Oxytetracycline,0,ng/L,Shandong, China,2017,15
Aquatic,Oxytetracycline,0,ng/L,Shandong, China,2017,15
Aquatic,Oxytetracycline,0,ng/L,Shandong, China,2017,15
Aquatic,Oxytetracycline,0,ng/L,Shandong, China,2017,15
Aquatic,Oxytetracycline,0,ng/L,Shandong, China,2017,15
Aquatic,Oxytetracycline,0,ng/L,Shandong, China,2017,15
Aquatic,Oxytetracycline,0,ng/L,Shandong, China,2017,15
Aquatic,Oxytetracycline,0,ng/L,Shandong, China,2017,15
Aquatic,Oxytetracycline,0,ng/L,Shandong, China,2017,15
Aquatic,Oxytetracycline,0,ng/L,Shandong, China,2017,15
Aquatic,Oxytetracycline,0,ng/L,Shandong, China,2017,15
Aquatic,Oxytetracycline,0,ng/L,Shandong, China,2017,15
Aquatic,Oxytetracycline,0,ng/L,Shandong, China,2017,15
Aquatic,Oxytetracycline,0,ng/L,Shandong, China,2017,15
Aquatic,Oxytetracycline,0,ng/L,Shandong, China,2017,15
Aquatic,Oxytetracycline,0,ng/L,Shandong, China,2017,15
Aquatic,Oxytetracycline,0,ng/L,Shandong, China,2017,15
Aquatic,Oxytetracycline,0,ng/L,Shandong, China,2017,15
Aquatic,Oxytetracycline,0,ng/L,Shandong, China,2017,15
Aquatic,Oxytetracycline,0,ng/L,Shandong, China,2017,15
Aquatic,Oxytetracycline,0,ng/L,Shandong, China,2017,15
Aquatic,Oxytetracycline,0,ng/L,Shandong, China,2017,15
Aquatic,Oxytetracycline,0,ng/L,Shandong, China,2017,15
Aquatic,Oxytetracycline,0,ng/L,Shandong, China,2017,15
Aquatic,Oxytetracycline,0,ng/L,Shandong, China,2017,15
Aquatic,Oxytetracycline,0,ng/L,Shandong, China,2017,15
Aquatic,Oxytetracycline,0,ng/L,Shandong, China,2017,15
Aquatic,Oxytetracycline,0,ng/L,Shandong, China,2017,15
Aquatic,Oxytetracycline,0,ng/L,Shandong, China,2017,15
Aquatic,Oxytetracycline,0,ng/L,Shandong, China,2017,15
Aquatic,Oxytetracycline,0,ng/L,Shandong, China,2017,15
Aquatic,Oxytetracycline,0,ng/L,Shandong, China,2017,15
Aquatic,Oxytetracycline,0,ng/L,Shandong, China,2017,15
Aquatic,Oxytetracycline,0,ng/L,Shandong, China,2017,15
Aquatic,Oxytetracycline,0,ng/L,Shandong, China,2017,15
Aquatic,Oxytetracycline,0,ng/L,Shandong, China,2017,15
Aquatic,Oxytetracycline,0,ng/L,Shandong, China,2017,15
Sediment,Oxytetracycline,20.67,ng/L,Shandong, China,2017,15
Sediment,Oxytetracycline,16.38,ng/L,Shandong, China,2017,15
Sediment,Oxytetracycline,8.33,ng/L,Shandong, China,2017,15
Sediment,Oxytetracycline,0,ng/L,Shandong, China,2017,15
Sediment,Oxytetracycline,0,ng/L,Shandong, China,2017,15
Sediment,Oxytetracycline,0,ng/L,Shandong, China,2017,15
Sediment,Oxytetracycline,10.06,ng/L,Shandong, China,2017,15
Sediment,Oxytetracycline,0,ng/L,Shandong, China,2017,15
Sediment,Oxytetracycline,0,ng/L,Shandong, China,2017,15
Sediment,Oxytetracycline,0,ng/L,Shandong, China,2017,15
Sediment,Oxytetracycline,9.18,ng/L,Shandong, China,2017,15
Sediment,Oxytetracycline,0,ng/L,Shandong, China,2017,15
Sediment,Oxytetracycline,0,ng/L,Shandong, China,2017,15
Sediment,Oxytetracycline,0,ng/L,Shandong, China,2017,15
Aquatic,Oxytetracycline,0,ng/L,Hebei Province, China,2017,16
Aquatic,Oxytetracycline,4.2,ng/L,Hebei Province, China,2017,16
Aquatic,Oxytetracycline,0,ng/L,Hebei Province, China,2017,16
Aquatic,Oxytetracycline,0,ng/L,Hebei Province, China,2017,16
Aquatic,Oxytetracycline,"2,8",ng/L,Hebei Province, China,2017,16
Aquatic,Oxytetracycline,2.8,ng/L,Hebei Province, China,2017,16
Aquatic,Oxytetracycline,0,ng/L,Hebei Province, China,2017,16
Aquatic,Oxytetracycline,0,ng/L,Hebei Province, China,2017,16
Aquatic,Oxytetracycline,0,ng/L,Hebei Province, China,2017,16
Aquatic,Oxytetracycline,0,ng/L,Hebei Province, China,2017,16
Aquatic,Oxytetracycline,1.5,ng/L,Hebei Province, China,2017,16
Aquatic,Oxytetracycline,1.3,ng/L,Hebei Province, China,2017,16
Aquatic,Oxytetracycline,0,ng/L,Hebei Province, China,2017,16
Aquatic,Oxytetracycline,0,ng/L,Hebei Province, China,2017,16
Aquatic,Oxytetracycline,0,ng/L,Hebei Province, China,2017,16
Aquatic,Oxytetracycline,0,ng/L,Hebei Province, China,2017,16
Aquatic,Oxytetracycline,0,ng/L,Hebei Province, China,2017,16
Aquatic,Oxytetracycline,0,ng/L,Hebei Province, China,2017,16
Aquatic,Oxytetracycline,0,ng/L,Hebei Province, China,2017,16
Aquatic,Oxytetracycline,0,ng/L,Hebei Province, China,2017,16
Aquatic,Oxytetracycline,0,ng/L,Hebei Province, China,2017,16
Aquatic,Oxytetracycline,0,ng/L,Hebei Province, China,2017,16
Aquatic,Oxytetracycline,0,ng/L,Hebei Province, China,2017,16
Aquatic,Oxytetracycline,21.7,ng/L,Hebei Province, China,2017,16
Aquatic,Oxytetracycline,3.5,ng/L,Hebei Province, China,2017,16
Aquatic,Oxytetracycline,1.7,ng/L,Hebei Province, China,2017,16
Aquatic,Oxytetracycline,15.2,ng/L,Hebei Province, China,2017,16
Aquatic,Oxytetracycline,51.5,ng/L,Hebei Province, China,2017,16
Aquatic,Oxytetracycline,0,ng/L,Hebei Province, China,2017,16
Aquatic,Oxytetracycline,0,ng/L,Hebei Province, China,2017,16
Aquatic,Oxytetracycline,0,ng/L,Hebei Province, China,2017,16
Aquatic,Oxytetracycline,1.4,ng/L,Hebei Province, China,2017,16
Aquatic,Oxytetracycline,1.2,ng/L,Hebei Province, China,2017,16
Aquatic,Oxytetracycline,1.2,ng/L,Hebei Province, China,2017,16
Aquatic,Oxytetracycline,1.2,ng/L,Hebei Province, China,2017,16
Aquatic,Oxytetracycline,0.6,ng/L,Hebei Province, China,2017,16
Aquatic,Oxytetracycline,0,ng/L,Hebei Province, China,2017,16
Aquatic,Oxytetracycline,0,ng/L,Hebei Province, China,2017,16
Aquatic,Oxytetracycline,1.2,ng/L,Hebei Province, China,2017,16
Aquatic,Oxytetracycline,1.9,ng/L,Hebei Province, China,2017,16
Aquatic,Oxytetracycline,0,ng/L,Hebei Province, China,2017,16
Aquatic,Oxytetracycline,8.1,ng/L,Hebei Province, China,2017,16
Aquatic,Oxytetracycline,0,ng/L,Hebei Province, China,2017,16
Aquatic,Oxytetracycline,0,ug/L,Chubu, Japan,2017,17
Aquatic,Oxytetracycline,0,ug/L,Chubu, Japan,2017,17
Aquatic,Oxytetracycline,0,ug/L,Chubu, Japan,2017,17
Aquatic,Oxytetracycline,0,ug/L,Chubu, Japan,2017,17
Aquatic,Oxytetracycline,0,ug/L,Chubu, Japan,2017,17
Aquatic,Oxytetracycline,0,ug/L,Chubu, Japan,2017,17
Aquatic,Oxytetracycline,0,ug/L,Chubu, Japan,2017,17
Aquatic,Oxytetracycline,0,ug/L,Chubu, Japan,2017,17
Aquatic,Oxytetracycline,0,ug/L,Chubu, Japan,2017,17
Aquatic,Oxytetracycline,0,ug/L,Chubu, Japan,2017,17
Aquatic,Oxytetracycline,0,ug/L,Chubu, Japan,2017,17
Aquatic,Oxytetracycline,0,ug/L,Chubu, Japan,2017,17
Aquatic,Oxytetracycline,0,ug/L,Chubu, Japan,2017,17
Aquatic,Oxytetracycline,15,ug/L,Chubu, Japan,2017,17
Aquatic,Oxytetracycline,3,ug/L,Chubu, Japan,2017,17
Aquatic,Oxytetracycline,330,ug/L,Chubu, Japan,2017,17
Aquatic,Oxytetracycline,2700,ug/L,Chubu, Japan,2017,17
Aquatic,Oxytetracycline,780,ug/L,Chubu, Japan,2017,17
Aquatic,Oxytetracycline,73,ug/L,Chubu, Japan,2017,17
Aquatic,Oxytetracycline,7,ug/L,Chubu, Japan,2017,17
Aquatic,Oxytetracycline,4,ug/L,Chubu, Japan,2017,17
Aquatic,Oxytetracycline,1000,ug/L,Chubu, Japan,2017,17
Aquatic,Oxytetracycline,2200,ug/L,Chubu, Japan,2017,17
Aquatic,Oxytetracycline,1200,ug/L,Chubu, Japan,2017,17
Aquatic,Oxytetracycline,1100,ug/L,Chubu, Japan,2017,17
Aquatic,Oxytetracycline,660,ug/L,Chubu, Japan,2017,17
Aquatic,Oxytetracycline,25,ug/L,Chubu, Japan,2017,17
Aquatic,Oxytetracycline,5,ug/L,Chubu, Japan,2017,17
Aquatic,Oxytetracycline,2,ug/L,Chubu, Japan,2017,17
Aquatic,Oxytetracycline,340,ug/L,Chubu, Japan,2017,17
Aquatic,Oxytetracycline,280,ug/L,Chubu, Japan,2017,17
Aquatic,Oxytetracycline,90,ug/L,Chubu, Japan,2017,17
Aquatic,Oxytetracycline,270,ug/L,Chubu, Japan,2017,17
Aquatic,Oxytetracycline,330,ug/L,Chubu, Japan,2017,17
Aquatic,Oxytetracycline,18,ug/L,Chubu, Japan,2017,17
Aquatic,Oxytetracycline,2.4,ug/L,Chubu, Japan,2017,17
Aquatic,Oxytetracycline,3.6,ug/L,Chubu, Japan,2017,17
Aquatic,Oxytetracycline,23,ug/L,Chubu, Japan,2017,17
Aquatic,Oxytetracycline,25,ug/L,Chubu, Japan,2017,17
Aquatic,Oxytetracycline,11,ug/L,Chubu, Japan,2017,17
Aquatic,Oxytetracycline,45,ug/L,Chubu, Japan,2017,17
Aquatic,Oxytetracycline,40,ug/L,Chubu, Japan,2017,17
Aquatic,Oxytetracycline,1.8,ug/L,Chubu, Japan,2017,17
Aquatic,Oxytetracycline,2.8,ug/L,Chubu, Japan,2017,17
Aquatic,Oxytetracycline,1.5,ug/L,Chubu, Japan,2017,17
Aquatic,Oxytetracycline,4.1,ug/L,Chubu, Japan,2017,17
Aquatic,Oxytetracycline,5.1,ug/L,Chubu, Japan,2017,17
Aquatic,Oxytetracycline,5.1,ug/L,Chubu, Japan,2017,17
Aquatic,Oxytetracycline,53,ug/L,Chubu, Japan,2017,17
Aquatic,Oxytetracycline,61,ug/L,Chubu, Japan,2017,17
Aquatic,Oxytetracycline,1.3,ug/L,Chubu, Japan,2017,17
Aquatic,Oxytetracycline,4.7,ug/L,Chubu, Japan,2017,17
Aquatic,Oxytetracycline,2.3,ug/L,Chubu, Japan,2017,17
Aquatic,Oxytetracycline,0,ug/L,Chubu, Japan,2017,17
Aquatic,Oxytetracycline,1.9,ug/L,Chubu, Japan,2017,17
Aquatic,Oxytetracycline,1.4,ug/L,Chubu, Japan,2017,17
Aquatic,Oxytetracycline,25,ug/L,Chubu, Japan,2017,17
Aquatic,Oxytetracycline,21,ug/L,Chubu, Japan,2017,17
Aquatic,Oxytetracycline,0.6,ug/L,Chubu, Japan,2017,17
Aquatic,Oxytetracycline,0,ug/L,Chubu, Japan,2017,17
Aquatic,Oxytetracycline,0,ug/L,Chubu, Japan,2017,17
Aquatic,Oxytetracycline,1.3,ug/L,Chubu, Japan,2017,17
Aquatic,Oxytetracycline,2.3,ug/L,Chubu, Japan,2017,17
Aquatic,Oxytetracycline,1,ug/L,Chubu, Japan,2017,17
Aquatic,Oxytetracycline,26,ug/L,Chubu, Japan,2017,17
Aquatic,Oxytetracycline,23,ug/L,Chubu, Japan,2017,17
Aquatic,Oxytetracycline,1.8,ug/L,Chubu, Japan,2017,17
Aquatic,Oxytetracycline,61,ug/L,Chubu, Japan,2017,17
Aquatic,Oxytetracycline,6900,ug/L,Chubu, Japan,2017,17
Aquatic,Oxytetracycline,1900,ug/L,Chubu, Japan,2017,17
Aquatic,Oxytetracycline,900,ug/L,Chubu, Japan,2017,17
Aquatic,Oxytetracycline,220,ug/L,Chubu, Japan,2017,17
Aquatic,Oxytetracycline,5,ug/L,Chubu, Japan,2017,17
Aquatic,Oxytetracycline,9,ug/L,Chubu, Japan,2017,17
Aquatic,Oxytetracycline,3600,ug/L,Chubu, Japan,2017,17
Aquatic,Oxytetracycline,1300,ug/L,Chubu, Japan,2017,17
Aquatic,Oxytetracycline,650,ug/L,Chubu, Japan,2017,17
Aquatic,Oxytetracycline,140,ug/L,Chubu, Japan,2017,17
Aquatic,Oxytetracycline,3.1,ug/L,Chubu, Japan,2017,17
Aquatic,Oxytetracycline,900,ug/L,Chubu, Japan,2017,17
Aquatic,Oxytetracycline,22,ug/L,Chubu, Japan,2017,17
Aquatic,Oxytetracycline,500,ug/L,Chubu, Japan,2017,17
Aquatic,Oxytetracycline,1600,ug/L,Chubu, Japan,2017,17
Aquatic,Oxytetracycline,220,ug/L,Chubu, Japan,2017,17
Aquatic,Oxytetracycline,10,ug/L,Chubu, Japan,2017,17
Aquatic,Oxytetracycline,10,ug/L,Chubu, Japan,2017,17
Aquatic,Oxytetracycline,2500,ug/L,Chubu, Japan,2017,17
Aquatic,Oxytetracycline,1400,ug/L,Chubu, Japan,2017,17
Aquatic,Oxytetracycline,150,ug/L,Chubu, Japan,2017,17
Aquatic,Oxytetracycline,0,ug/L,Chubu, Japan,2017,17
Aquatic,Oxytetracycline,0,ug/L,Chubu, Japan,2017,17
Aquatic,Oxytetracycline,0,ug/L,Chubu, Japan,2017,17
Aquatic,Oxytetracycline,0,ug/L,Chubu, Japan,2017,17
Aquatic,Oxytetracycline,0,ug/L,Chubu, Japan,2017,17
Aquatic,Oxytetracycline,0,ug/L,Chubu, Japan,2017,17
Aquatic,Oxytetracycline,0,ug/L,Chubu, Japan,2017,17
Aquatic,Oxytetracycline,0,ug/L,Chubu, Japan,2017,17
Aquatic,Oxytetracycline,0,ug/L,Chubu, Japan,2017,17
Aquatic,Oxytetracycline,0,ug/L,Chubu, Japan,2017,17
Aquatic,Oxytetracycline,0,ug/L,Chubu, Japan,2017,17
Aquatic,Oxytetracycline,0,ug/L,Chubu, Japan,2017,17
Aquatic,Oxytetracycline,0,ug/L,Chubu, Japan,2017,17
Aquatic,Oxytetracycline,0,ug/L,Chubu, Japan,2017,17
Aquatic,Oxytetracycline,1,ug/L,Chubu, Japan,2017,17
Aquatic,Oxytetracycline,2,ug/L,Chubu, Japan,2017,17
Aquatic,Oxytetracycline,0,ug/L,Chubu, Japan,2017,17
Aquatic,Oxytetracycline,0.2,ug/L,Chubu, Japan,2017,17
Aquatic,Oxytetracycline,32,ug/L,Chubu, Japan,2017,17
Aquatic,Oxytetracycline,34,ug/L,Chubu, Japan,2017,17
Aquatic,Oxytetracycline,0.7,ug/L,Chubu, Japan,2017,17
Aquatic,Oxytetracycline,240,ug/L,Chubu, Japan,2017,17
Aquatic,Oxytetracycline,5,ug/L,Chubu, Japan,2017,17
Aquatic,Oxytetracycline,0,ug/L,Chubu, Japan,2017,17
Aquatic,Oxytetracycline,330,ug/L,Chubu, Japan,2017,17
Aquatic,Oxytetracycline,210,ug/L,Chubu, Japan,2017,17
Aquatic,Oxytetracycline,250,ug/L,Chubu, Japan,2017,17
Aquatic,Oxytetracycline,220,ug/L,Chubu, Japan,2017,17
Aquatic,Oxytetracycline,18,ug/L,Chubu, Japan,2017,17
Aquatic,Oxytetracycline,58,ug/L,Chubu, Japan,2017,17
Aquatic,Oxytetracycline,41,ug/L,Chubu, Japan,2017,17
Aquatic,Oxytetracycline,44,ug/L,Chubu, Japan,2017,17
Aquatic,Oxytetracycline,43,ug/L,Chubu, Japan,2017,17
Aquatic,Oxytetracycline,1.3,ug/L,Chubu, Japan,2017,17
Aquatic,Oxytetracycline,1,ug/L,Chubu, Japan,2017,17
Aquatic,Oxytetracycline,0,ug/L,Chubu, Japan,2017,17
Aquatic,Oxytetracycline,0,ug/L,Chubu, Japan,2017,17
Aquatic,Oxytetracycline,1,ug/L,Chubu, Japan,2017,17
Aquatic,Oxytetracycline,0,ug/L,Chubu, Japan,2017,17
Aquatic,Oxytetracycline,0,ug/L,Chubu, Japan,2017,17
Aquatic,Oxytetracycline,0,ug/L,Chubu, Japan,2017,17
Aquatic,Oxytetracycline,0,ug/L,Chubu, Japan,2017,17
Aquatic,Oxytetracycline,0,ug/L,Chubu, Japan,2017,17
Aquatic,Oxytetracycline,0,ug/L,Chubu, Japan,2017,17
Aquatic,Oxytetracycline,3,ug/L,Chubu, Japan,2017,17
Aquatic,Oxytetracycline,0,ug/L,Chubu, Japan,2017,17
Aquatic,Oxytetracycline,0,ug/L,Chubu, Japan,2017,17
Aquatic,Oxytetracycline,0,ug/L,Chubu, Japan,2017,17
Aquatic,Oxytetracycline,2,ug/L,Chubu, Japan,2017,17
Aquatic,Oxytetracycline,0,ug/L,Chubu, Japan,2017,17
Aquatic,Oxytetracycline,0,ug/L,Chubu, Japan,2017,17
Aquatic,Oxytetracycline,0,ug/L,Chubu, Japan,2017,17
Aquatic,Oxytetracycline,0,ug/L,Chubu, Japan,2017,17
Aquatic,Oxytetracycline,0,ug/L,Chubu, Japan,2017,17
Aquatic,Oxytetracycline,2.8,ug/L,Chubu, Japan,2017,17
Aquatic,Oxytetracycline,7.6,ug/L,Chubu, Japan,2017,17
Aquatic,Oxytetracycline,3.8,ug/L,Chubu, Japan,2017,17
Aquatic,Oxytetracycline,3.4,ug/L,Chubu, Japan,2017,17
Aquatic,Oxytetracycline,3.5,ug/L,Chubu, Japan,2017,17
Aquatic,Oxytetracycline,0.6,ug/L,Chubu, Japan,2017,17
Aquatic,Oxytetracycline,0,ug/L,Chubu, Japan,2017,17
Aquatic,Oxytetracycline,0,ug/L,Chubu, Japan,2017,17
Aquatic,Oxytetracycline,0,ug/L,Chubu, Japan,2017,17
Aquatic,Oxytetracycline,0,ug/L,Chubu, Japan,2017,17
Aquatic,Oxytetracycline,0,ug/L,Chubu, Japan,2017,17
Aquatic,Oxytetracycline,0,ug/L,Chubu, Japan,2017,17
Aquatic,Oxytetracycline,0,ug/L,Chubu, Japan,2017,17
Aquatic,Oxytetracycline,1,ug/L,Chubu, Japan,2017,17
Aquatic,Oxytetracycline,1,ug/L,Chubu, Japan,2017,17
Aquatic,Oxytetracycline,1,ug/L,Chubu, Japan,2017,17
Aquatic,Oxytetracycline,1,ug/L,Chubu, Japan,2017,17
Aquatic,Oxytetracycline,2,ug/L,Chubu, Japan,2017,17
Aquatic,Oxytetracycline,0,ug/L,Chubu, Japan,2017,17
Aquatic,Oxytetracycline,0,ug/L,Chubu, Japan,2017,17
Aquatic,Oxytetracycline,0,ug/L,Chubu, Japan,2017,17
Aquatic,Oxytetracycline,0,ug/L,Chubu, Japan,2017,17
Aquatic,Oxytetracycline,0,ug/L,Chubu, Japan,2017,17
Aquatic,Oxytetracycline,0,ug/L,Chubu, Japan,2017,17
Aquatic,Oxytetracycline,0,ug/L,Chubu, Japan,2017,17
Aquatic,Oxytetracycline,0,ug/L,Chubu, Japan,2017,17
Aquatic,Oxytetracycline,0,ug/L,Chubu, Japan,2017,17
Aquatic,Oxytetracycline,0,ug/L,Chubu, Japan,2017,17
Aquatic,Oxytetracycline,0,ug/L,Chubu, Japan,2017,17
Aquatic,Oxytetracycline,0,ug/L,Chubu, Japan,2017,17
Aquatic,Oxytetracycline,0,ug/L,Chubu, Japan,2017,17
Aquatic,Oxytetracycline,0,ug/L,Chubu, Japan,2017,17
Aquatic,Oxytetracycline,0,ug/L,Chubu, Japan,2017,17
Aquatic,Oxytetracycline,0,ug/L,Chubu, Japan,2017,17
Aquatic,Oxytetracycline,0,ug/L,Chubu, Japan,2017,17
Aquatic,Oxytetracycline,0,ug/L,Chubu, Japan,2017,17
Aquatic,Oxytetracycline,0,ug/L,Chubu, Japan,2017,17
Aquatic,Oxytetracycline,4.59,ng/L,Hong Kong, China,2021,18
Aquatic,Oxytetracycline,3.02,ng/L,Hong Kong, China,2021,18
Sediment,Oxytetracycline,0,ug/g,Galway, Ireland,1996,19
Sediment,Oxytetracycline,1.3,ug/g,Galway, Ireland,1996,19
Sediment,Oxytetracycline,3.8,ug/g,Galway, Ireland,1996,19
Sediment,Oxytetracycline,4.5,ug/g,Galway, Ireland,1996,19
Sediment,Oxytetracycline,0,ug/g,Galway, Ireland,1996,19
Sediment,Oxytetracycline,0,ug/g,Galway, Ireland,1996,19
Sediment,Oxytetracycline,0,ug/g,Galway, Ireland,1996,19
Sediment,Oxytetracycline,0,ug/g,Galway, Ireland,1996,19
Sediment,Oxytetracycline,0,ug/g,Galway, Ireland,1996,19
Sediment,Oxytetracycline,4.5,ug/g,Galway, Ireland,1996,19
Sediment,Oxytetracycline,4.2,ug/g,Galway, Ireland,1996,19
Sediment,Oxytetracycline,0,ug/g,Galway, Ireland,1996,19
Aquatic,Oxytetracycline,0,ng/L,Hebei Province, China,2007,20
Aquatic,Oxytetracycline,0,ng/L,Hebei Province, China,2008,20
Aquatic,Oxytetracycline,0,ng/L,Hebei Province, China,2008,20
Aquatic,Oxytetracycline,0,ng/L,Hebei Province, China,2008,20
Aquatic,Oxytetracycline,143.5,ng/L,Hebei Province, China,2008,20
Aquatic,Oxytetracycline,93,ng/L,Hebei Province, China,2008,20
Aquatic,Oxytetracycline,0,ng/L,Hebei Province, China,2009,20
Aquatic,Oxytetracycline,39,ng/L,Hebei Province, China,2009,20
Aquatic,Oxytetracycline,27.17,ng/L,Hebei Province, China,2009,20
Aquatic,Oxytetracycline,22.36,ng/L,Hebei Province, China,2009,20
Aquatic,Oxytetracycline,40,ng/L,Hebei Province, China,2009,20
Aquatic,Oxytetracycline,97433.8,ng/L,Hebei Province, China,2010,20
Aquatic,Oxytetracycline,7.77,ng/L,Hebei Province, China,2010,20
Aquatic,Oxytetracycline,10.5,ng/L,Hebei Province, China,2010,20
Sediment,Oxytetracycline,2.91,ng/g,Hebei Province, China,2008,20
Sediment,Oxytetracycline,422,ng/g,Hebei Province, China,2008,20
Sediment,Oxytetracycline,2.15,ng/g,Hebei Province, China,2008,20
Sediment,Oxytetracycline,5.35,ng/g,Hebei Province, China,2008,20
Sediment,Oxytetracycline,0,ng/g,Hebei Province, China,2008,20
Sediment,Oxytetracycline,6.03,ng/g,Hebei Province, China,2008,20
Sediment,Oxytetracycline,0,ng/g,Hebei Province, China,2008,20
Sediment,Oxytetracycline,2.85,ng/g,Hebei Province, China,2008,20
Sediment,Oxytetracycline,48.5,ng/g,Hebei Province, China,2008,20
Sediment,Oxytetracycline,91.6,ng/g,Hebei Province, China,2008,20
Sediment,Oxytetracycline,1.89,ng/g,Hebei Province, China,2008,20
Sediment,Oxytetracycline,3.21,ng/g,Hebei Province, China,2008,20
Sediment,Oxytetracycline,6.01,ng/g,Hebei Province, China,2008,20
Sediment,Oxytetracycline,1.48,ng/g,Hebei Province, China,2008,20
Sediment,Oxytetracycline,2.4,ng/g,Hebei Province, China,2008,20
Sediment,Oxytetracycline,3918.9,ng/g,Hebei Province, China,2008,20
Sediment,Oxytetracycline,91.3,ng/g,Hebei Province, China,2009,20
Sediment,Oxytetracycline,2.26,ng/g,Hebei Province, China,2009,20
Sediment,Oxytetracycline,24.2,ng/g,Hebei Province, China,2009,20
Sediment,Oxytetracycline,15.66,ng/g,Hebei Province, China,2009,20
Sediment,Oxytetracycline,18.25,ng/g,Hebei Province, China,2009,20
Sediment,Oxytetracycline,19.7,ng/g,Hebei Province, China,2009,20
Sediment,Oxytetracycline,89.4,ng/g,Hebei Province, China,2010,20
Sediment,Oxytetracycline,110.1,ng/g,Hebei Province, China,2010,20
Sediment,Oxytetracycline,36148.3,ng/g,Hebei Province, China,2013,20
Sediment,Oxytetracycline,0.26,ng/g,Hunan Province, China,2015,21
Sediment,Oxytetracycline,42.77,ng/g,Hunan Province, China,2015,21
Sediment,Oxytetracycline,18.4,ng/g,Hunan Province, China,2015,21
Sediment,Oxytetracycline,0.72,ng/g,Hebei Province, China,2015,21
Sediment,Oxytetracycline,74.73,ng/g,Hebei Province, China,2015,21
Sediment,Oxytetracycline,37.96,ng/g,Hebei Province, China,2015,21
Tissue,Oxytetracycline,0,ug/kg,Yunnan, China,2010,22
Tissue,Oxytetracycline,2.8,ug/kg,Yunnan, China,2010,22
Tissue,Oxytetracycline,0,ug/kg,Yunnan, China,2010,22
Tissue,Oxytetracycline,0,ug/kg,Yunnan, China,2010,22
Tissue,Oxytetracycline,0,ug/kg,Yunnan, China,2010,22
Tissue,Oxytetracycline,0,ug/kg,Yunnan, China,2010,22
Tissue,Oxytetracycline,0,ug/kg,Yunnan, China,2010,22
Tissue,Oxytetracycline,0,ug/kg,Yunnan, China,2010,22
Tissue,Oxytetracycline,0,ug/kg,Yunnan, China,2010,22
Tissue,Oxytetracycline,1.5,ug/kg,Yunnan, China,2010,22
Tissue,Oxytetracycline,0,ng/g,Hunan Province, China,2016,23
Tissue,Oxytetracycline,0,ng/g,Hunan Province, China,2016,23
Tissue,Oxytetracycline,0,ng/g,Hunan Province, China,2016,23
Tissue,Oxytetracycline,0,ng/g,Hunan Province, China,2016,23
Tissue,Oxytetracycline,0,ng/g,Hunan Province, China,2016,23
Tissue,Oxytetracycline,0,ng/g,Hunan Province, China,2016,23
Tissue,Oxytetracycline,0,ng/g,Hunan Province, China,2016,23
Tissue,Oxytetracycline,0,ng/g,Hunan Province, China,2016,23
Tissue,Oxytetracycline,0,ng/g,Hunan Province, China,2016,23
Tissue,Oxytetracycline,0,ng/g,Hunan Province, China,2016,23
Tissue,Oxytetracycline,0,ng/g,Hunan Province, China,2016,23
Tissue,Oxytetracycline,0,ng/g,Hunan Province, China,2016,23
Tissue,Oxytetracycline,0,ng/g,Hunan Province, China,2016,23
Tissue,Oxytetracycline,0,ng/g,Hunan Province, China,2016,23
Tissue,Oxytetracycline,0,ng/g,Hunan Province, China,2016,23
Tissue,Oxytetracycline,0,ng/g,Hunan Province, China,2016,23
Aquatic,Oxytetracycline,0,ng/L,Jilin Province, China,2015,24
Aquatic,Oxytetracycline,835.1,ng/L,Jilin Province, China,2015,24
Aquatic,Oxytetracycline,174.9,ng/L,Jilin Province, China,2015,24
Sediment,Oxytetracycline,0,ng/L,Jilin Province, China,2015,24
Sediment,Oxytetracycline,425.4,ng/L,Jilin Province, China,2015,24
Sediment,Oxytetracycline,149.5,ng/L,Jilin Province, China,2015,24
Sediment,Oxytetracycline,285,ug/g,Galway, Ireland,1992,25
Sediment,Oxytetracycline,189,ug/g,Galway, Ireland,1992,25
Sediment,Oxytetracycline,26,ug/g,Galway, Ireland,1992,25
Sediment,Oxytetracycline,9.9,ug/g,Galway, Ireland,1992,25
Sediment,Oxytetracycline,4.3,ug/g,Galway, Ireland,1992,25
Sediment,Oxytetracycline,2.4,ug/g,Galway, Ireland,1992,25
Sediment,Oxytetracycline,2,ug/g,Galway, Ireland,1992,25
Sediment,Oxytetracycline,2,ug/g,Galway, Ireland,1992,25
Sediment,Oxytetracycline,0.1,ug/g,Galway, Ireland,1992,25
Sediment,Oxytetracycline,0.4,ug/kg,Veneto, Italy,2001,26
Sediment,Oxytetracycline,246.3,ug/kg,Veneto, Italy,2001,26
Sediment,Oxytetracycline,8.9,ug/kg,Veneto, Italy,2001,26
Sediment,Oxytetracycline,17.5,ug/kg,Veneto, Italy,2001,26
Sediment,Oxytetracycline,8.3,ug/kg,Veneto, Italy,2001,26
Sediment,Oxytetracycline,0,ug/kg,Veneto, Italy,2001,26
Sediment,Oxytetracycline,0,ug/kg,Veneto, Italy,2001,26
Sediment,Oxytetracycline,0,ug/kg,Veneto, Italy,2001,26
Sediment,Oxytetracycline,0.8,ug/kg,Veneto, Italy,2001,26
Sediment,Oxytetracycline,0,ug/kg,Veneto, Italy,2001,26
Sediment,Oxytetracycline,0,ug/kg,Veneto, Italy,2001,26
Sediment,Oxytetracycline,0,ug/kg,Veneto, Italy,2001,26
Sediment,Oxytetracycline,0,ug/kg,Veneto, Italy,2001,26
Sediment,Oxytetracycline,0.1,ug/kg,Veneto, Italy,2001,26
Sediment,Oxytetracycline,0.5,ug/kg,Veneto, Italy,2001,26
Sediment,Oxytetracycline,0,ug/kg,Veneto, Italy,2001,26
Sediment,Oxytetracycline,0,ug/kg,Veneto, Italy,2001,26
Sediment,Oxytetracycline,2,ug/kg,Veneto, Italy,2001,26
Sediment,Oxytetracycline,0.9,ug/kg,Veneto, Italy,2001,26
Sediment,Oxytetracycline,2.4,ug/kg,Veneto, Italy,2001,26
Sediment,Oxytetracycline,4.2,ug/kg,Veneto, Italy,2001,26
Sediment,Oxytetracycline,0,ug/kg,Veneto, Italy,2001,26
Sediment,Oxytetracycline,0.4,ug/kg,Veneto, Italy,2001,26
Sediment,Oxytetracycline,0,ug/kg,Veneto, Italy,2001,26
Sediment,Oxytetracycline,0.5,ug/kg,Veneto, Italy,2001,26
Sediment,Oxytetracycline,2,ug/kg,Veneto, Italy,2001,26
Sediment,Oxytetracycline,0.1,ug/kg,Veneto, Italy,2001,26
Sediment,Oxytetracycline,0.2,ug/kg,Veneto, Italy,2001,26
Sediment,Oxytetracycline,0.8,ug/kg,Veneto, Italy,2001,26
Sediment,Oxytetracycline,0,ug/kg,Veneto, Italy,2001,26
Sediment,Oxytetracycline,0.9,ug/g,Washington, USA,1992,27
Sediment,Oxytetracycline,0.2,ug/g,Washington, USA,1992,27
Sediment,Oxytetracycline,9,ug/g,Washington, USA,1992,27
Sediment,Oxytetracycline,9,ug/g,Washington, USA,1992,27
Sediment,Oxytetracycline,0.7,ug/g,Washington, USA,1992,27
Sediment,Oxytetracycline,1,ug/g,Washington, USA,1992,27
Sediment,Oxytetracycline,0,ug/g,Washington, USA,1992,27
Sediment,Oxytetracycline,0.9,ug/g,Washington, USA,1992,27
Sediment,Oxytetracycline,0,ug/g,Washington, USA,1992,27
Sediment,Oxytetracycline,0,ug/g,Washington, USA,1992,27
Sediment,Oxytetracycline,0.4,ug/g,Washington, USA,1992,27
Sediment,Oxytetracycline,0.4,ug/g,Washington, USA,1992,27
Sediment,Oxytetracycline,0,ug/g,Washington, USA,1992,27
Sediment,Oxytetracycline,0,ug/g,Washington, USA,1992,27
Sediment,Oxytetracycline,0.2,ug/g,Washington, USA,1992,27
Sediment,Oxytetracycline,0.8,ug/g,Washington, USA,1992,27
Sediment,Oxytetracycline,0,ug/g,Washington, USA,1992,27
Sediment,Oxytetracycline,1.2,ug/g,Washington, USA,1992,27
Sediment,Oxytetracycline,1,ug/g,Washington, USA,1992,27
Sediment,Oxytetracycline,0,ug/g,Washington, USA,1992,27
Sediment,Oxytetracycline,0,ug/g,Washington, USA,1992,27
Sediment,Oxytetracycline,0,ug/g,Washington, USA,1992,27
Sediment,Oxytetracycline,0,ug/g,Washington, USA,1992,27
Sediment,Oxytetracycline,1.7,ug/g,Washington, USA,1992,27
Sediment,Oxytetracycline,0,ug/g,Washington, USA,1992,27
Sediment,Oxytetracycline,0,ug/g,Washington, USA,1992,27
Sediment,Oxytetracycline,0,ug/g,Washington, USA,1992,27
Sediment,Oxytetracycline,0,ug/g,Washington, USA,1992,27
Sediment,Oxytetracycline,0,ug/g,Washington, USA,1992,27
Sediment,Oxytetracycline,0,ug/g,Washington, USA,1992,27
Sediment,Oxytetracycline,0,ug/g,Washington, USA,1992,27
Sediment,Oxytetracycline,0,ug/g,Washington, USA,1992,27
Sediment,Oxytetracycline,0.5,ug/g,Washington, USA,1992,27
Sediment,Oxytetracycline,0,ug/g,Washington, USA,1992,27
Sediment,Oxytetracycline,0,ug/g,Washington, USA,1992,27
Sediment,Oxytetracycline,0,ug/g,Washington, USA,1992,27
Sediment,Oxytetracycline,0,ug/g,Washington, USA,1992,27
Sediment,Oxytetracycline,1.5,ug/g,Washington, USA,1992,27
Sediment,Oxytetracycline,0,ug/g,Washington, USA,1992,27
Sediment,Oxytetracycline,0,ug/g,Washington, USA,1992,27
Sediment,Oxytetracycline,0,ug/g,Washington, USA,1992,27
Sediment,Oxytetracycline,0,ug/g,Washington, USA,1992,27
Sediment,Oxytetracycline,0,ug/g,Washington, USA,1992,27
Sediment,Oxytetracycline,0,ug/g,Washington, USA,1992,27
Sediment,Oxytetracycline,0,ug/g,Washington, USA,1992,27
Sediment,Oxytetracycline,0,ug/g,Washington, USA,1992,27
Tissue,Oxytetracycline,0.2,ug/g,Southwest Finland, Finland,1987,28
Tissue,Oxytetracycline,1.3,ug/g,Southwest Finland, Finland,1987,28
Tissue,Oxytetracycline,0.5,ug/g,Southwest Finland, Finland,1987,28
Tissue,Oxytetracycline,0.05,ug/g,Southwest Finland, Finland,1987,28
Tissue,Oxytetracycline,0.1,ug/g,Southwest Finland, Finland,1987,28
Tissue,Oxytetracycline,0.06,ug/g,Southwest Finland, Finland,1987,28
Tissue,Oxytetracycline,0.05,ug/g,Southwest Finland, Finland,1987,28
Sediment,Oxytetracycline,0.3,ug/g,Southwest Finland, Finland,1987,28
Sediment,Oxytetracycline,0.1,ug/g,Southwest Finland, Finland,1987,28
Sediment,Oxytetracycline,1,ug/g,Southwest Finland, Finland,1987,28
Sediment,Oxytetracycline,3.8,ug/g,Southwest Finland, Finland,1987,28
Sediment,Oxytetracycline,2,ug/g,Southwest Finland, Finland,1987,28
Sediment,Oxytetracycline,16,ug/g,Southwest Finland, Finland,1987,28
Sediment,Oxytetracycline,4.4,ug/g,Southwest Finland, Finland,1988,28
Sediment,Oxytetracycline,2,ug/g,Southwest Finland, Finland,1988,28
Aquatic,TETRACYCLINE,0,ng/L,Hong Kong,China,2016,30
Aquatic,TETRACYCLINE,31.5,ng/L,Hong Kong,China,2016,30
Sediment,TETRACYCLINE,0,ng/g,Hong Kong,China,2016,30
Sediment,TETRACYCLINE,9.8,ng/g,Hong Kong,China,2016,30
